,Classifier,MCC,F1,Accuracy,Precision,Recall
0,LogisticRegression,0.9463814001064081,0.9625536767206623,0.9637340496977838,0.9652197626134374,0.9637340496977838
1,KNeighborsClassifier,0.9739802727597072,0.9825770572978267,0.9825386165211552,0.9826852551186239,0.9825386165211552
2,RandomForestClassifier,0.989975136868049,0.9932567221741126,0.9932840832773674,0.9932817408747209,0.9932840832773674
3,MLPClassifier,0.973918353006195,0.9825324628709008,0.9825386165211552,0.9825312348993173,0.9825386165211552
