Model,N_components,Accuracy,Precision,Recall,F1,TP,TN,FP,FN
PCA,2.0,0.9607187630589219,0.9548904766028418,0.9607187630589219,0.9569005587609783,1237.0,38.0,27.0,0.0
PCA,5.0,0.9678228165482657,0.9655049668150595,0.9678228165482657,0.9645242169986975,1234.0,29.0,22.0,3.0
PCA,10.0,0.973255328040117,0.9724989365749606,0.973255328040117,0.9711588862645467,1235.0,37.0,15.0,2.0
PCA,15.0,0.9749268700376097,0.9731405224232954,0.9749268700376097,0.9739269831812788,1235.0,53.0,13.0,1.0
PCA,20.0,0.9770162975344756,0.9756841148142641,0.9770162975344756,0.97625246625768,1234.0,57.0,12.0,3.0
PCA,25.0,0.9774341830338488,0.976403796884741,0.9774341830338488,0.976791498732797,1234.0,60.0,11.0,3.0
PCA,30.0,0.9782699540325951,0.9774265718436965,0.9782699540325951,0.977689271536447,1234.0,62.0,10.0,3.0
PCA,35.0,0.9828666945257,0.9822169926446109,0.9828666945257,0.9824038024482898,1237.0,68.0,7.0,0.0
PCA,40.0,0.9841203510238195,0.9836993182241537,0.9841203510238195,0.9837227680533817,1237.0,71.0,5.0,0.0
